{
  "status": "PASS",
  "version": "0.1.0",
  "results": [
    {
      "raw_count": 12,
      "effective_count": 2.6771255694938483,
      "non_redundancy": 1.0,
      "family_balance": 0.9999999999999999,
      "relation_entropy": 0.27729172565378846,
      "collapse_resistance": 0.8045454545454546,
      "system": "base_system"
    },
    {
      "raw_count": 32,
      "effective_count": 4.189050523886227,
      "non_redundancy": 0.5766129032258065,
      "family_balance": 0.6273362811779477,
      "relation_entropy": 0.7800921652312215,
      "collapse_resistance": 0.46391129032258066,
      "system": "duplicate_system"
    },
    {
      "raw_count": 40,
      "effective_count": 9.616515593834432,
      "non_redundancy": 1.0,
      "family_balance": 1.0,
      "relation_entropy": 0.30099848166897497,
      "collapse_resistance": 0.7987179487179488,
      "system": "balanced_system"
    },
    {
      "raw_count": 30,
      "effective_count": 0.0,
      "non_redundancy": 0.0,
      "family_balance": 0.0,
      "relation_entropy": 0.0,
      "collapse_resistance": 0.0,
      "system": "collapsed_system"
    }
  ]
}
