{
  "status": "PASS",
  "version": "0.1.0",
  "results": [
    {
      "system": "base_system",
      "raw_count": 12,
      "effective_count": 3.8855750019994417,
      "recoverability_score": 0.9198575797147229,
      "projection_stability": 0.9550373250488013,
      "non_redundancy": 1.0,
      "family_balance": 1.0,
      "relation_entropy": 0.3361814950144145,
      "collapse_resistance": 0.9631640100220368
    },
    {
      "system": "duplicate_system",
      "raw_count": 36,
      "effective_count": 10.689955398698707,
      "recoverability_score": 0.5648399975596969,
      "projection_stability": 0.9011454499254263,
      "non_redundancy": 0.9317460317460318,
      "family_balance": 0.7222222222222222,
      "relation_entropy": 0.4737430417395411,
      "collapse_resistance": 0.9314555811532035
    },
    {
      "system": "balanced_system",
      "raw_count": 40,
      "effective_count": 12.988021497283897,
      "recoverability_score": 0.9441323689055635,
      "projection_stability": 0.9441323689055635,
      "non_redundancy": 1.0,
      "family_balance": 1.0,
      "relation_entropy": 0.3247005374320974,
      "collapse_resistance": 1.0
    },
    {
      "system": "collapsed_system",
      "raw_count": 24,
      "effective_count": 0.0,
      "recoverability_score": 0.0,
      "projection_stability": 1.0,
      "non_redundancy": 0.0,
      "family_balance": 1.0,
      "relation_entropy": 0.0,
      "collapse_resistance": 0.0
    }
  ]
}
